1.367834	-2.652001	-4.019834	47	The isovector giant dipole resonance (GDR) and isoscalar giant quadrupole resonance (GQR) in the axially deformed nuclei 154 Sm, 238 U, and 254 No will be considered.
1.065797	-3.874867	-4.940664	28	Using vector meson dominance (VMD), tensor glueball photoproduction cross sections, asymmetries and widths are calculated.
1.006131	-2.691271	-3.697402	53	The self-consistent random phase approximation (RPA), based on the framework of relativistic energy density functionals, is employed in the study of isovector and isoscalar dipole response in 68 Ni, 132 Sn, and 208 Pb.
1.005856	-3.816626	-4.822482	33	At leading order (LO) in the chiral expansion the potential is given by the well established one-pion exchange (OPE) and two contact forces without derivatives.
0.984627	-2.600869	-3.585495	38	The response of asymmetric nuclear matter (ANM) has not been considered and, also, the difference between the response to isoscalar and isovector operators has not been investigated.
0.978545	-3.698317	-4.676862	26	The leading order (LO) D ( * ) K potential is described by the Weinberg-Tomozawa (WT) term.
0.884520	-3.458228	-4.342747	39	Theoretical calculations using the coupled-channels (CC) method fail to correctly predict the magnitude of the single-2 + and mutual-2 + states data together with the elastic scattering data.
0.873976	-2.557143	-3.431118	32	The Relativistic Hartree Bogoliubov (RHB) theory is applied in the description of ground-state properties of Ni and Sn isotopes.
0.861439	-3.004638	-3.866078	70	The EOSs for the symmetric nuclear matter (SNM) and the pure neutron matter (PNM) obtained for the IUFSU parameters, in the density range 2.5 -4.5ρ 0 (ρ 0 = 0.16 fm -3 ), agree reasonably with the ones extracted by analyzing the heavy-ion collisions data.
0.847319	-4.184195	-5.031514	27	The soft momentum dependent (SM) EoS provides the best overall description of the HADES data for both protons and light clusters.
0.846207	-3.735218	-4.581425	20	The chiral bag model (CBM) predicts a ratio of -1 for the pionic contributions.
0.823289	-3.709325	-4.532614	53	The dense matter equation of state (EOS) determines neutron star (NS) structure but can be calculated reliably only up to one to two times the nuclear saturation density, using accurate manybody methods that employ nuclear interactions from chiral effective field theory constrained by scattering data.
0.815390	-2.699920	-3.515310	37	The Large Hadron Collider (LHC) experiments have revealed that the predictions of the color glass condensate (CGC) tend to underestimate the multiplicity at mid-rapidity.
0.811931	-2.747331	-3.559263	50	Ab initio calculations, like the no-core shell model (NCSM) and Green's function Monte Carlo (GFMC), of the spectrum s-and p-shell nuclei are routinely performed using realistic two-and three-body nuclear forces.
0.803461	-3.739736	-4.543197	34	The predictions of the charge symmetry breaking (CSB) terms are compared with the Nolen-Schiffer (NS) anomaly regarding the energies of neighboring mirror nuclei.
0.802729	-3.296219	-4.098949	62	The nuclear level density (NLD) and the γ-ray strength function (GSF) of the neutron-deficient 109 In isotope were extracted for the first time with data from the 106 Cd(α, pγ) 109 In reaction using a combination of the Oslo and the shape methods.
0.781052	-3.790022	-4.571075	35	The limited amount of data from hyperon-nucleon (YN), yet alone hyperon-hyperon (YY), scattering makes the development of hypernuclear potentials challenging.
0.756722	-3.155765	-3.912487	43	Charge exchange spin-dipole (SD) excitations of 90 Zr and 208 Pb are studied by using a Skyrme Hartree-Fock(HF) + Random Phase approximation (RPA).
0.750365	-4.158236	-4.908600	28	The wave functions were derived from shell model (SM) diagonalizations with harmonic oscillator Slater determinants and with suitable residual two-body interactions.
0.737923	-4.269853	-5.007777	37	The initial extended double folding (EDF) coupled channel calculation included coupling to the collective 2 + and 3 -states of 12 C at 4.44 and 9.64 MeV respectively.
0.730474	-3.730517	-4.460990	46	Employing a distorted wave impulse approximation (DWIA) model to estimate the contribution of the isovector spin monopole strength, the assumption was made that the complete IVSM strength is concentrated in a single state at 35 MeV.
0.708965	-3.923398	-4.632363	33	Number of Constituent Quark (NCQ) scaling of v2 of ρ 0 meson with respect to other hadrons at intermediate pT is observed.
0.708372	-2.155109	-2.863481	42	Nuclear matrix elements (NMEs) for two-neutrino double-beta decay (2νββ) are studied in the framework of relativistic nuclear energy density functional (REDF).
0.690531	-3.186737	-3.877268	69	The non-relativistic Skyrme energy density functional (EDF) based collective Hamiltonian, that takes into account dynamical correlations related to the restoration of broken symmetries and fluctuations of quadrupole collective variables, is applied to quantitatively study the impurity effect of Λ hyperon on the collectivity of 44 S.
0.689615	-2.682588	-3.372203	61	The equation of state (EOS) of asymmetric nuclear matter (ANM) and, in particular, the density dependence of the nuclear symmetry energy, E s (ρ), in the supra-saturation density regime, have remained elusive in spite of several efforts made in finding an answer to this problem.
0.673212	-2.975486	-3.648699	50	The extended theory of finite Fermi systems (ETFFS) is based on the Landau-Migdal theory of finite Fermi systems (TFFS) and includes in a consistent way configurations beyond the 1p1h level.
0.647462	-3.833736	-4.481198	38	Allowed (GT) and unique first-forbidden (U1F) β-decay rates of 78,80,82 Zn as a function of stellar temperatures and densities.
0.639712	-2.713180	-3.352892	41	An extension of the Brueckner Hartree Fock (BHF) approximation to a self-consistent Green's function method (GF) has been used to study properties of asymmetric nuclear matter.
0.636419	-2.235589	-2.872008	16	Inertial confinement fusion (ICF) could be an important future energy source.
0.630838	-3.011593	-3.642431	26	The relativistic field theory model of the deuteron (RFMD) is reformulated from the first principles of QCD.
0.618245	-2.623368	-3.241613	62	The ultrarelativistic quantum molecular dynamics (UrQMD) model is a microscopic transport model which could simulate the p + p, p + A, and A + A collisions at relativistic energies and describes the time-evolution of a many-body system by using covariant equations of motion.
0.611410	-4.131444	-4.742854	36	Isobaric analogue states (IAS) for isospin multiplets from T = 1/2 to 3 have been studied within the 2012 Atomic Mass Evaluation (Ame2012).
0.607718	-3.887036	-4.494754	42	The next to leading order (NLO) expression is proportional to y 4 and contains a piece from the 2 nd order E1 amplitude and a piece from the interference of 1 st and 3 rd order.
0.601746	-3.609331	-4.211078	27	The potential energy surfaces (PES) corresponding to various density distributions are plotted as functions of the mass quadrupole deformation β 2.
0.598110	-3.928586	-4.526696	28	The effective momentum approximation (EMA) replaces the momentum operators that appear in spinor-distortion operators by asymptotic kinematics.
0.577269	-2.860701	-3.437971	59	Nuclear density functional theory (DFT) in combination with the proton-neutron quasiparticle-random phase approximation (pnQRPA) is not one of these approaches, however; 0νββ and 2νββ matrix elements can be computed in similar ways.
0.570415	-4.041003	-4.611418	34	The final state Y N interaction (FSI) plays an important role in the γd → K + Y n, Y = Λ, Σ 0 reaction.
0.569719	-3.777303	-4.347022	68	Time reversal invariance violating (TRIV) effects for low energy elastic neutron deuteron scattering are calculated for meson exchange and EFT-type of TRIV potentials in a Distorted Wave Born Approximation, using realistic hadronic strong interaction wave functions, obtained by solving three-body Faddeev equations in configuration space.
0.567412	-2.862710	-3.430122	31	The hope is to create a deconfined quark gluon plasma (QGP) for a few fm/c and to study its properties.
0.564449	-3.247100	-3.811550	28	A parton shower, including initial state radiation (ISR) and final-state radiation (FSR), is generated around the hard vertex.
0.561881	-2.824391	-3.386271	54	Isospin symmetry breaking (ISB) in finite nuclei reflects a subtle balance between the isospin symmetry violating long-range electrostatic interaction that polarizes the entire nucleus and the short-range strong force, which, predominantly, preserves the isospin symmetry.
0.560623	-3.833780	-4.394403	15	The HFB equations are solved on a harmonic oscillator (HO) basis.
0.556328	-3.002967	-3.559295	27	The Hartree-Fock (HF) based random phase approximation (RPA) provides a microscopic description of the nuclear compressional modes.
0.554329	-4.306086	-4.860415	38	A contribution to the bulk viscosity from the pion Urca (PU) reaction processing on the pion condensate is included for densities n > n π c.
0.550545	-3.338028	-3.888573	29	The heavy ion (HI) induced interactions are either peripheral interactions or central collisions, depending on the degree of overlap between the projectile and target nuclei.
0.540526	-2.956053	-3.496579	57	The success and utility of effective field theory (EFT) in explaining the structure and reactions of few-nucleon systems has prompted the initiation of EFT-inspired extrapolations to larger model spaces in ab initio methods such as the no-core shell model (NCSM).
0.537871	-3.345941	-3.883812	44	The validity of such a closed quantum system (CQS) framework is sometimes justified by relatively high one-particle (neutron or proton) separation energies in nuclei close to the valley of beta stability.
0.536840	-4.102869	-4.639709	32	Elaborated shell model (SM) calculations have not been able to explain the reductions obtained for R or the quenching of spectroscopic factors (SF).
0.536658	-2.969296	-3.505954	29	The Lorentz Integral Transform method (LIT) is extended to pion photoproduction in the ∆resonance region.
0.530790	-3.459636	-3.990426	29	The Fermi transition to the isobaric analog state (IAS) is included in the data (upper panels) but not in the calculations.
0.529215	-4.345246	-4.874462	30	The inclusion of Next to Leading Order (NLO) diagrams in the calculation should make the pQCD picture of heavy-flavour production more realistic.
0.527829	-2.915976	-3.443805	27	Nuclear density functional theory (DFT) is currently the only available microscopic many-body theory that is applicable to the whole nuclear chart.
0.519443	-1.844754	-2.364197	21	Big-bang nucleosynthesis (BBN) is a cornerstone of big-bang cosmology [1].
0.507147	-3.220636	-3.727783	41	Chiral effective field theory (EFT) organizes the interactions of nucleons in powers of momenta and factors of the pion mass near the chiral limit where the light quarks are massless.
0.504517	-2.025876	-2.530393	34	A number of nucleon-nucleon (NN) potentials are now available which can be used in a non-relativistic approach to understand nuclear structure.
0.502464	-3.341304	-3.843768	27	The spectroscopic factor (SF) of the single-particle state can be discussed by comparing the theoretical and experimental knockout cross sections.
0.500904	-3.774708	-4.275612	20	Evaluated Nuclear Data File (ENDF) libraries contain the nuclear data for use in transport codes.
0.494612	-2.273847	-2.768459	27	Quantum hadrodynamics(QHD) is a quantum field theory which treats nucleons and mesons as elementary degrees of freedom.
0.490676	-4.214454	-4.705130	34	Finite Formation Time (FFT) effects in the exclusive reaction 4 He(e,e'p) 3 H at high values of Q 2 are introduced and discussed.
0.488742	-3.492433	-3.981176	21	The emission of intermediate mass fragments (IMF) is the most important observable of nuclear multifragmentation reactions.
0.488403	-3.279510	-3.767913	40	Calculations for hard, soft, and momentum dependent (MD) equationsof-state are shown for the p T interval 1.0 < p T < 1.5 GeV/c.
0.487636	-2.976198	-3.463834	37	The quasiparticle random phase approximation (QRPA) and its renormalized version (RQRPA) is another method often used in the evaluation of M 0ν.
0.483140	-3.566862	-4.050002	40	Within the color glass condensate (CGC) effective theory the pre-equilibrium stage of the high energy collisions can be described in terms of strong gluon fields, namely the Glasma.
0.481930	-2.932995	-3.414925	40	The charge symmetry breaking (CSB) and charge independence breaking (CIB) forces have been discussed in the context of isospin impurity effect on the super-allowed Fermi decays.
0.481083	-4.209882	-4.690964	54	An evenstate ΛN charge symmetry breaking (CSB) interaction determined from the A=4 systems works repulsively by +0.1 MeV (attractively by -0.1 MeV) in 10 Λ Be ( 10 Λ B).
0.478582	-3.232571	-3.711153	43	Self-consistent random phase approximation (RPA) approaches in the relativistic framework are applied to calculate the isospin symmetry-breaking corrections δc for the 0 + → 0 + superallowed transitions.
0.478515	-3.432218	-3.910734	42	Short range correlations (SRC) arise from the tensor component and the repulsive hard-core in the NN interactions, and are essentially important to fully understand the nuclear structure and the properties of nucleons.
0.477798	-4.668572	-5.146371	22	The participant plane (PP) can be experimentally determined through the event plane reconstructed from final-state hadrons.
0.474746	-2.413107	-2.887854	24	The relativistic mean-field (RMF) approach is an effective field theory of interacting mesons and nucleons.
0.471845	-3.381312	-3.853157	30	The nuclear level density (NLD) parameter is a critical input for statistical model calculation and is also important for proper estimation of the nuclear temperature [4].
0.470695	-3.236221	-3.706916	41	Results for relativistic Heavy Ion Collisions (HIC) in the AGeV beam energy region, for collective flows, charged pion production and isospin stopping, are presented in refs.
0.464432	-3.448439	-3.912871	38	Characteristic for any effective field theory (EFT), effects of higher energy physics are accounted for via low-energy constants (LECs) accompanying the interaction terms in the effective Lagrangian.
0.463693	-4.177363	-4.641056	27	Deep Inelastic Scattering (DIS) experiments at large Q 2 have extracted this quantity through a global analysis of the world data 1.
0.462256	-3.629197	-4.091452	31	The chiral magnetic wave (CMW) is sought using the charge asymmetry (A ch ) dependence of anisotropic flow in heavy-ion collisions.
0.456845	-2.886113	-3.342958	45	The evolution of pygmy dipole states (PDS) in the region of low excitation energies is analyzed as a function of the density-dependence of the symmetry energy for a set of relativistic effective interactions.
0.456755	-4.219742	-4.676497	28	The Lund model is employed in a number of Monte Carlo (MC) event generators, and has enjoyed great success representing jet fragmentation to hadrons.
0.453887	-4.422881	-4.876768	38	The decreasing trend of the measured B(M 1) and B(E2) transition strengths in one of the sequence (DB I) spells out its origin as Magnetic Rotation (MR).
0.443956	-4.302216	-4.746172	40	The trends of B(M1) and B(E2) in DB I are reproduced well in the theoretical calculations using the Shears mechanism with the Principal Axis Cranking (SPAC) model.
0.443687	-4.144815	-4.588502	30	The standard nuclear shell model (SM) approach erects a wall between the description of intrinsic structure and reactions since it does not account for the continuum spectrum.
0.440230	-3.170765	-3.610995	24	The application of the Lorentz integral transform (LIT) method to photon scattering off nuclei is presented in general.
0.438230	-2.522564	-2.960794	33	Variational Monte Carlo (VMC) relies on the variational principle that the energy of any trial wave function will be greater than or equal to the ground state energy.
0.437144	-3.053610	-3.490754	43	Separative work units (SWU) are not a quantity of material but a measure of the effort expended to separate a given quantity of uranium feed into two streams (one having a higher percentage of uranium-235).
0.436849	-2.678378	-3.115227	34	Microscopic energy density functionals (EDF) have become a standard tool for nuclear structure calculations, providing an accurate global description of nuclear ground states and collective excitations.
0.436607	-4.564254	-5.000861	17	High linear energy transfer (LET) radiation triggers vaporization of the drops into visible bubbles.
0.436045	-3.337724	-3.773769	31	The Hyperspherical Harmonics (HH) method is one of the most accurate techniques to solve the quantum mechanical problem for nuclear systems with A ≤ 4.
0.435986	-2.160793	-2.596779	29	Understanding the equation of state (EoS) of neutron star (NS) matter remains one of the central challenges in modern nuclear physics and astrophysics.
0.434390	-3.739716	-4.174106	39	The nuclear symmetry energy (NSE) is one of a crucial property of asymmetric nuclear matter governing several areas of nuclear matter calculations like reaction dynamics, phase stability, cooling in the neutron star etc.
0.432834	-3.088564	-3.521398	46	The vector meson dominance (VMD) model was a successful pre-QCD model in the description of diffractive photoproduction of vector mesons and electromagnetic interactions of hadrons in the multi-GeV energy regime.
0.428532	-2.539802	-2.968334	35	Recent Lattice QCD (LQCD) studies suggest that there are missing resonances in the strange sector of the Hadron Resonance Gas (HRG) model.
0.427712	-3.630478	-4.058191	59	The ELA uses the pseudovector (PV) coupling for the nucleon-nucleon-pion vertex (unlike the resonance model) and thus incorporates the low energy theorems of current algebra and the hypothesis of partially conserved axial-vector current (PCAC).
0.425301	-2.366922	-2.792223	41	The equations of the Random Phase Approximation (RPA) can be reduced to independent equations for two-neutron, two-proton, and neutron-proton quasiparticle pairs.
0.422228	-3.165228	-3.587456	31	The quantum chromodynamics (QCD) as a underlying theory describing strong interactions exhibits two fascinating aspects: confinement and dynamical chiral symmetry breaking (DCSB).
0.420634	-5.537758	-5.958392	16	The configuration interaction (CI) calculations that include these cross shell excitation are challenging.
0.409987	-2.880166	-3.290154	56	The composition of neutron star (NS) matter (NSM) at high density ((5 -10)ρ 0 ; ρ 0 ≈ 0.16 fm -3 being the normal nuclear matter density) is one of the most interesting and active research areas of NS physics.
0.409018	-3.996723	-4.405741	40	Within the vector dominance model (VDM) the EM correlator is proportional to the light vector meson propagators, D V, most notably the ρ-meson's (V =ρ).
0.408041	-3.438019	-3.846060	25	The chiral potentials depend on low energy constants (LEC) and the cut-off parameters Λ and Λ.
0.406597	-3.931550	-4.338147	35	The mirror energy difference (MED) of the mirror state, especially for states bearing the Thomas-Erhman shift, serves as a sensitive probe of isospin symmetry breaking.
0.402379	-3.445744	-3.848123	41	Within the impulse approach (IA), the virtual photon is absorbed by a single nucleon in the nucleus whose 4-momentum is P µ = P µ N -Q µ = (E, p).
0.402071	-4.190934	-4.593005	25	The predictions in the regime of nuclear matter (NM) of this kind of ab initio calculations are usually considered as a standard.
0.398267	-3.582895	-3.981162	42	A comment on the effects of Bose enhancement (BE) of the gluons and Pauli blocking (PB) of the quarks & antiquarks in the final channels on the drag is in order here.
0.397937	-4.238649	-4.636585	30	Indeed, since the classical liquid drop model (LDM) favours symmetric shapes, 2 the mass asymmetry had to be a quantum shell effect.
0.395375	-2.652973	-3.048349	28	Recently, the study of dense and hot hadronic matter (HHM) is one of the interesting fields in relativistic heavy ion physics.
0.393708	-2.883353	-3.277061	28	Critical Point Symmetries (CPS) appear in regions of the nuclear chart where a rapid change from one symmetry to another is observed.
0.393208	-3.044886	-3.438094	25	The energy density functional (EDF) method in nuclear physics is nowadays the approach of choice for largescale nuclear structure calculation.
0.391651	-3.922871	-4.314523	37	Upon Fourier transformation (FT) of the regulator functions, the position-space cutoff can be related to the momentumspace cutoff Λ c as R 0 = 2/Λ c.
0.390993	-2.997826	-3.388819	36	The one-boson-exchange potential (OBEP) is defined as a sum of one-particleexchange amplitudes of certain bosons with given mass and coupling.
0.389284	-3.972318	-4.361601	30	The charged-current (CC) interaction rate on 71 Ga and the elastic scattering (ES) rate on the electrons within the crystal would both be measured.
0.387243	-3.567424	-3.954668	91	The self-consistent Theory of Finite Fermi Systems (TFFS) is consistently generalized for the case of accounting for phonon coupling (PC) effects in the energy region of pygmy-and giant multipole resonances (PDR and GMR) in magic nuclei with the aim to consider particle-hole (ph) and both complex 1p1h⊗phonon and two-phonon configurations.
0.385997	-4.446726	-4.832723	55	The main background is neutral current (NC) π 0 production because the electromagnetic show- ers from pion decay photons can be misidentified as electrons from ν e induced CCQE ν e n → e -p if one of the photons is not identified.
0.381043	-4.053078	-4.434121	41	Prompt fission neutron spectrum (PFNS) and prompt fission neutron multiplicity are another important items, measurements of the former for the 243 Am(n, F) reaction are unavailable at the moment.
0.380851	-3.641624	-4.022475	52	The effects of the finalstate interactions (FSI) between the emitted nucleon and the residual nucleus are described by the relativistic Green's function (RGF) model where FSI are treated consistently with the exclusive scattering and using the same complex optical potential.
0.379404	-2.363039	-2.742443	25	The Quark Gluon Plasma (QGP) is a de-confined phase of a strongly-interacting matter.
0.378503	-3.598100	-3.976603	37	The giant dipole resonance (GDR) in 16 O calculated the CBA (red solid line), in standard TBA (black dashed line), and in RPA (blue dotted line).
0.375521	-3.186301	-3.561822	36	Importance truncation (IT) constitutes another wellestablished technique to reduce the computational costs of nuclear structure calculations while maintaining the desired accuracy on the solution of the Schrödinger equation.
0.373875	-3.384477	-3.758353	30	Auxiliary Field Diffusion Monte Carlo (AFDMC) is an extension of DMC that is employed for Hamiltonians with a complicated spin dependence.
0.372485	-3.555797	-3.928282	39	The Linear Boltzmann Transport (LBT) model is then used to simulate the propagation, energy attenuation of and medium response induced by jet partons in the quarkgluon plasma.
0.370117	-2.733162	-3.103278	22	The scattering phase shift (SPS) is a vital quantity to understand the nucleon-nucleon scattering.
0.368987	-3.756074	-4.125061	34	Lepton number violating (LNV) interactions involving so far unobserved much heavier (∼ TeV) particles might lead to a comparable 0νββ decay rate.
0.368206	-3.429777	-3.797983	41	Analysis of extended xray absorption fine structure (EXAFS) spectra for the glasses indicates that the local environment around the cations exhibits different degrees of disorder due to the accumulated α-decay dose.
0.367346	-3.314686	-3.682032	55	Experiments on deep inelastic scattering (DIS) ep → eX, which dominantly proceeds via the exchange of a virtual photon between the electron and the nucleon, have established the existence of quarks and provided detailed studies of the short range aspects of the strong coupling.
0.366884	-2.417177	-2.784061	45	Effective field theory (EFT) has become a standard tool for analyzing the chiral structure of Quantum Chromodynamics (QCD) at low energies, where the perturbative expansion in powers of the coupling constant cannot be used.
0.366055	-3.765106	-4.131161	24	Effective models like NJL, quark meson (QM) model can explain the QCD chiral phase diagram.
0.363803	-2.522882	-2.886685	48	The beam energy scan (BES-I) program at the Relativistic Heavy Ion Collider (RHIC) provides a unique opportunity to study the energy dependence of QGP formation and the relative roles of partonic and hadronic interactions.
0.362428	-3.816684	-4.179112	36	Variational Monte Carlo(VMC), based on a trial wave function ψ T (usually not normalized) with parameters, provides a way to find the upper limit of E 0.
0.361964	-2.215649	-2.577614	46	Accelerator Mass Spectrometry (AMS) [3] is an established technique for the detection and measurement of trace level of long-lived radionuclides [4] such as 14 C, 10 Be, 36 Cl.
0.359423	-3.267310	-3.626734	41	The virtual photon theory (VPT), which is based on first-order Coulomb dissociation restricted to the electric dipole (E1), has been successfully used to explain the breakup data for several cases.
0.355163	-2.735790	-3.090953	39	The parton distribution function (PDF) and the parton fragmentation function (FF), however, require the knowledge of non-perturbative QCD and are not calculable directly by present techniques.
0.353270	-3.851256	-4.204526	32	Coupled channels Born approximation (CCBA) and continuum discretized coupled channels (CDCC) calculations which explain the large number of observables are presented.
0.351725	-2.904395	-3.256120	24	Dynamical chiral symmetry breaking (DCSB) is one of the keystones of low-energy hadronic phenomena.
0.351036	-4.002306	-4.353343	27	The Conserved Vector Current (CVC) hypothesis derives from the gauge invariance of the weak interaction and leads to g V = 1.
0.350875	-3.855561	-4.206436	22	The canonical thermodynamic model (CTM) as applied to the nuclear multifragmentation problem addresses the following scenario.
0.350760	-2.840367	-3.191127	49	Effective field theory (EFT) methods such as, in particular, chiral EFT have become an indispensable tool for analyzing few-and many-nucleon systems in a systematic fashion in harmony with the symmetries of the Standard Model.
0.350154	-3.008844	-3.358998	45	The Statistical Hadronization Model (SHM) must be considered as an effective model describing the process of hadron formation in high energy collisions at energy (or distance) scales where perturbative QCD is no longer applicable.
0.347385	-2.795546	-3.142931	49	Decoupling via the Similarity Renormalization Group (SRG) of low-energy nuclear physics from high-energy details of the nucleon-nucleon interaction is examined for two-body observables and few-body binding energies.
0.346300	-2.993008	-3.339308	31	Nuclear resonance fluorescence (NRF) or (γ, γ ′ ) experiments study the γ emission after resonant absorption of a photon.
0.345426	-3.053005	-3.398431	40	Passive detection of special nuclear material (SNM) is challenging due to its inherently low rate of spontaneous emission of penetrating radiation, the relative ease of shielding, and the fluctuating and frequently overwhelming background.
0.344669	-3.001207	-3.345876	40	Charge symmetry breaking (CSB) effects associated with the u and d quark mass difference are investigated in the quark distribution functions and spacelike electromagnetic form factors of the pion and kaon.
0.341358	-4.620498	-4.961856	28	Operator product expansion (OPE) for vector and axial vector current: The commonly known chiral order parameter can be rewritten in several forms.
0.341084	-4.546667	-4.887751	21	Either source of B xy (t) causes free induction decay (FID) of the measured signal.
0.341012	-3.137365	-3.478377	40	Recent calculations of charge symmetry violation (CSV) in the valence quark distributions of the nucleon have revealed that the dominant symmetry breaking contribution comes from the mass associated with the spectator quark system.
0.339437	-3.727436	-4.066873	40	Then the asymptotic normalization coefficients (ANC) can be deduced from experimental phase-shift data and applied to radiative capture processes which are important in nuclear astrophysics for new elements creation.
0.337388	-3.482896	-3.820284	48	Doubly Occupied Configuration Interaction (DOCI) is another approximate method that restricts the configuration space to zero-seniority configurations, i.e., states in which all nucleons are paired as time-reversed partners.
0.337221	-4.862751	-5.199972	24	The process inherent ultimately safe (PIUS) reactor relies on a large pool of borated water for its safety system.
0.336815	-3.225534	-3.562349	51	The electric dipole (E1) excitation in nucleus is mainly composed of the giant dipole resonance (GDR), which is formed by the relative dipole oscillation between neutrons and protons, thus reflecting asymmetry information in nuclear EoS.
0.332135	-3.971458	-4.303593	60	The density matrix expansion (DME) of Negele and Vautherin is a convenient tool to map finiterange physics associated with vacuum two-and three-nucleon interactions into the form of a Skymelike energy density functional (EDF) with density-dependent couplings.
0.331253	-2.572958	-2.904211	43	Relativistic contributions (RC) are expected to be significant in deuteron photodisintegration, especially when the photon momentum involved in the process, becomes comparable with the rest mass of the nucleon.
0.330297	-2.840695	-3.170992	22	Effective field theories (EFT) are a powerful tool to deal with non-perturbative low energy physics.
0.330205	-4.541448	-4.871654	38	The radon daughter concentration in working level units (WL) was continu ously measured at a distance of about 1 km from the mill and within the Uravan Club Ranch village.
0.327426	-3.800587	-4.128013	41	Diffusion or Green's function Monte Carlo (GFMC) starts with a trial wave function |Ψ T and uses Euclidean time evolution to extract the ground state wave function (Kalos, 1962).
0.324531	-4.465479	-4.790009	55	The Effective Field Theory (EFT) based on chiral expansions provides a model independent hierarchy for many body forces at long distances but their predictive power may be undermined by the regularization scheme dependence induced by the counterterms and encoding the short distances dynamics which seem to dominate the uncertainties.
0.322769	-3.493219	-3.815988	17	Emission of light fragments (LF) from nuclear reactions is an interesting open question.
0.319823	-2.919386	-3.239208	27	The Similarity Renormalization Group (SRG) is a continuous series of unitary transformations that can be implemented as a flow equation.
0.315925	-3.215867	-3.531792	41	The relativistic Fermi gas (RFG) model neglects both the shell structure and correlations, treating the nucleus as a fragment of noninteracting nuclear matter of uniform density in a constant potential.
0.314735	-3.431596	-3.746331	47	At the quark level, the conserved vector current (CVC) hypothesis is broken if the up and down quarks have different masses, but for a free nucleon this breaking is second order in (m d -m u ).
0.313838	-2.650368	-2.964206	50	Neutron star (NS) core, composed of degenerate matter, is characterized by very high density (few times the normal matter density ρ 0 ∼ 0.16 fm -3 ) and extremely low temperature (T = 0 MeV).
0.312809	-4.085981	-4.398790	28	The calculation included random phase approximation (RPA) excitations and thus took care of the most important collective modes in a Fermi gas.
0.311249	-2.112527	-2.423775	62	The no-core shell-model (NCSM) is a powerful many-body technique that successfully describes nuclei in the lighter mass region from the first principles [1,2,3,4,5,6,7,8,9,10,11,12,13,14,15].
0.310364	-4.116701	-4.427065	32	The Shippingport LWBR critical heat flux (CHF) correlation conservatively predicts the data for the full range of LWBR geometries and heat flux distributions.
0.309486	-2.664163	-2.973650	26	Deep Inelastic Scattering (DIS) has been one of the most resourceful ways to examine the internal structure of hadrons.
0.309410	-2.850107	-3.159517	57	The fact that nucleon-nucleon (NN) interaction is a long-range remnant of the QCD interactions between quarks and gluons coupled to colorless states, and hence is not known in a closed form, adds all the more to the complexity of nuclear systems.
0.309405	-3.673973	-3.983377	48	Deeply virtual Compton scattering (DVCS), the electroproduction of a real photon from a single quark in the nucleon, eN → eNγ, is the most straightforward exclusive process that allows access to the GPDs.
0.307037	-3.215595	-3.522632	29	The gas centrifuge isotope separation (GCIS) process is applicable to those elements that will form compounds that have high vapor pressures near room temperature.
0.304264	-4.457393	-4.761657	27	The leading order (LO) contribution includes OPE, which provides the standard two-nucleon rates used in current supernova simulations.
0.303704	-2.773648	-3.077353	18	Nuclear density functional theory (DFT) is the most promising microscopic approach for this purpose.
0.303003	-4.161919	-4.464922	20	The even-odd staggering (EOS) is an estimate of the pairing energy of identical nucleons.
0.300971	-4.229462	-4.530432	33	Photon strength functions (PSF) are important inputs for statistical reaction codes applied in network calculations in nuclear astrophysics and in simulations done for nuclear power production and safety.
0.300696	-3.063698	-3.364394	39	The Accelerator Production of Tritium (APT) project is designing a particle accelerator and target to produce tritium using neutrons generated fiom a Tungsten spallation source.
0.298389	-3.294222	-3.592611	25	The Ultra relativistic Quantum Molecular Dynamics (UrQMD) transport model is applied to investigate the flow of deuterons.
0.297852	-2.745329	-3.043181	31	Ultra-peripheral collisions (UPC) are events characterised by large impact parameters between the two projectiles, larger than the sum of their radii.
0.296076	-3.487960	-3.784037	27	A statistical multifragmentation model (SMM) is applied to the experimentally observed multifragmentation events in an intermediate heavy ion reaction.
0.296070	-4.519270	-4.815340	16	Renormalization Group (RG) approaches to NN interaction are other serious efforts.
0.295867	-3.018338	-3.314205	60	A particle rotor model (PRM) with a quasi-proton and a quasi-neutron coupled with a triaxial rotor is developed and applied to study chiral doublet bands with configurations of a h 11/2 proton and a h 11/2 quasi-neutron.
0.293650	-3.722667	-4.016317	28	Doses from releases of tritiated gas (HT) or ingestion of organically bound tritium (OBT) are not calculated.
0.289674	-3.227354	-3.517028	63	The string melting (SM) version of the AMPT model (labeled here as AMPT-SM) is based on the idea that for energy densities beyond a critical value of ∼ 1 GeV/fm 3, it is difficult to visualize the coexistence of strings (or hadrons) and partons.
0.288955	-4.360440	-4.649396	21	The Spin Coherent State (SCS) representation distills the semiclassical features from the TR states.
0.288670	-3.084336	-3.373006	29	The giant dipole resonance (GDR) has been the first to be discovered, and is probably the most studied among the various nuclear collective vibrations.
0.286367	-3.907782	-4.194149	22	The nuclear excitation by electron transition (NEET) process was identified as the physics mechanism of the induced transitions.
0.284521	-4.744888	-5.029410	18	The bulk of the charge dependence (CD) is already included via the different pion masses.
0.282092	-4.131033	-4.413125	33	Effective Field Theory(EFT) is, the unique, model independent and systematic low-energy version of QCD for processes involving momenta below the pion mass.
0.279984	-3.569107	-3.849091	24	Cold nuclear matter (CNM) effect and hot matter effect are present together in heavy-ion collisions and both are important.
0.278976	-2.778262	-3.057238	45	Recent advances in nuclear Density Functional Theory (DFT) have enabled the calculation of magnetic dipole moments and electric quadrupole moments across broad regions of the nuclear chart without the need to invoke effective charges or effective g factors.
0.276701	-3.213197	-3.489897	50	The puzzle with the Random Phase Approximation (RPA) and the quasiparticle RPA (QRPA), when applied to the weak observables in the triad { 12 B, 12 C, 12 N}, is well known.
0.275349	-3.290318	-3.565667	41	Ground state correlations (GSC) and FSI contributions are introduced here at second order in the nucleon-nucleon interaction for the whole set of 1N and 2N isospin decay channels.
0.274669	-3.130669	-3.405338	18	Changing the renormalization group (RG) resolution is a powerful technique for analyzing nuclear processes.
0.273859	-1.858135	-2.131994	58	Experiments at the Relativistic Heavy Ion Collider (RHIC) and recent results from the Large Hadron Collider (LHC) have indicated that the collisions at the very highest energies produce a strongly interacting quark-gluon plasma at nearly vanishing net-baryon density.
0.273197	-4.509722	-4.782919	44	At leading order (LO), the photon isolation requirement predominantly selects direct photons, which are those produced directly in the hard scattering, but also a contribution from fragmentation photons that are radiated in a parton shower after the scattering.
0.270356	-3.670739	-3.941096	55	Within the Green's function Monte Carlo (GFMC) method used in light nuclei, the positions of the particles are sampled, but the full sum over the spin-isospin degrees of of freedom is retained, leading to an exponential growth of the computational cost with A.
0.265623	-3.473876	-3.739499	55	Accordingly, the leading order (LO) of this effective theory has two terms, a two-body term and a three-body term, associated with two constants, named low-energy constants (LECs), needed to determine their strengths, usually fixed by 2 and 3.
0.264891	-3.536408	-3.801300	41	On the other hand, the final state interaction (FSI) and de-excitation processes of the residual nucleus associated with the proton decay may also change the visible energy and simultaneously produce secondary neutrons.
0.263016	-3.547233	-3.810249	32	Full Configuration Interaction (FCI) provides the exact ground-state energies within the valence space, serving as a benchmark for evaluating the accuracy of approximate methods.
0.262977	-3.810587	-4.073564	32	The half-lives (T 1/2 ) of electron emission (EE) calculation have a considerable impact on the dynamics of r-process and abundance distribution.
0.262120	-3.178079	-3.440200	83	Semi Inclusive Deep Inelastic Scattering (SIDIS) of leptons (l) off nuclei can provide relevant information on: (i) possible modification of the nucleon structure function in medium (EMC-like effects), (ii) the relevance of exotic configurations at short nucleon-nucleon (NN) distances; (iii) the mechanism of quark hadronization.
0.261985	-3.056585	-3.318570	18	The Linear Energy Transfer (LET) is a measure of the energy loss per length of path.
0.261371	-4.740294	-5.001665	42	Chop-leach as now used for light water reactor (LWR) type fuels requires a large high-power shear plus special baskets to remove the hulls from the dissolver and packaging for disposal.
0.260751	-2.929275	-3.190026	38	The study of heavy ion collision (HIC) at intermediate energies develops a great interest to understand the behavior of hot and dense nuclear matter under the extreme conditions of temperature, pressure and densities.
0.260699	-3.021873	-3.282572	31	Isochronous Mass Spectrometry (IMS) in heavy-ion storage rings is an excellent experimental method for precision mass measurements of exotic nuclei.
0.260085	-4.431133	-4.691218	32	The effects of the final state interaction (FSI), which can mimic the genuine time reversal violation in the R correlation, are exceptionally small for the 8 Li decay.
0.259056	-5.069348	-5.328404	14	The strong enhancement by final state interaction (FSI) is most evident.
0.257182	-3.888878	-4.146060	22	Moving target defense (MTD) is class of technology that dynamically modify a system environment to create uncertainty for adversaries.
0.254724	-3.743373	-3.998098	47	Effects of the hadronic parity violation (HPV) are usually classified according to their isospin, and among all others the ∆I = 1 HPV possesses a special role as a unique probe of the hadronic weak neutral current.
0.253040	-3.893271	-4.146311	28	The plane wave impulse approximation (PWIA) will be useful for the physical interpretation of the correlation effects shown below in terms of overlap functions.
0.252179	-4.030749	-4.282928	41	The cumulative level density (CLD), x(E), is defined by The calculations where performed with A=N/4 for which the radius of the Wigner semi-circle is a=2.
0.251948	-3.453379	-3.705327	44	Interactions of bound states (BS) are determined from the additional requirement that they reproduce some characteristics of the ground state (GS) of the nucleus, including the asymptotic constant (AC) in a particular channel.
0.250216	-3.892096	-4.142312	23	The harmonic oscillator (HO) basis used for the representation of the EFT interaction is limited to a few shells.
0.249885	-2.567153	-2.817038	31	The incineration of low level radioactive waste (LLW) is one of several technologies currently available for reduc ing the volume of LLW prior to disposal.
0.249045	-3.311800	-3.560846	39	At small-x the parton distribution functions (PDF), which give the momentum distribution of partons in a nucleon, are not properly determined and have large uncertainties because of lack of experimental data.
0.248046	-4.517176	-4.765221	38	The spin and isospin wave functions (WF) are characterized by definite Young diagrams {f)s and {f} T, which prescribe their symmetry under permutations of nucleon coordinates.
0.246987	-3.398833	-3.645820	29	The Statistical Multifragmentation Model (SMM) [ 13,14] is the most widely used model for describing multfragmentation reactions.
0.246292	-2.600228	-2.846520	25	The effective field theory (EFT) for the Standard Model at low energies is chiral perturbation theory (ChPT).
0.242363	-3.721820	-3.964183	33	The Giant Dipole Resonance (GDR) is shown to result from an increase in level density at a harmonic oscillator gap excitation energy of 2 ω.
0.241441	-3.749284	-3.990726	31	Molten salt reactors (MSR) with liquid fuel present a unique safeguards challenge whereby the current verification techniques have not been evaluated for effectiveness and applicability.
0.240302	-2.278855	-2.519157	29	Nuclear density functional theory (DFT) is a variation of the Kohn-Sham approach used in atomic, molecular and condensed-matter theory.
0.239715	-1.674940	-1.914655	31	A quark-gluon plasma (QGP) is a thermalized system of deconfined quarks, antiquarks, and gluons.
0.239114	-3.874514	-4.113628	40	The Modified Excluded Volume Hadron Resonance Gas (MEVHRG) model, which takes into account the effect of unequal excluded volume radii of different hadron species, has also been introduced.
0.231151	-2.681921	-2.913072	29	The Green-function (GF) method is a powerful tool for solving the nuclear many-body problem (see Refs. [1,2]).
0.229761	-3.507875	-3.737636	49	The Chiral Magnetic Effect (CME), which is purported to result from strong parity violation, could lead to a splitting among positive and negative quarks in the QGP along the direction of the extremely large magnetic fields produced from the colliding ions.
0.227509	-3.329972	-3.557481	29	Generalized Contact Formalism (GCF) is a factorized description of short-range correlations within nuclei [18][19][20].
0.227176	-2.917427	-3.144603	31	The Super Proton Synchrotron (SPS) covers one of the most interesting regions of the QCD phase diagram (T -µ B ).
0.226365	-2.621238	-2.847603	48	Within this framework, the nucleon-nucleon (NN) potential is defined as a sum of two-nucleon-irreducible time ordered diagrams emerging in non-relativistic effective field theory (EFT).
0.225227	-4.001624	-4.226851	32	Using an isospin-dependent quantum molecular dynamics (IQMD) model, nuclear stopping is analyzed in asymmetric colliding channels by keeping the total mass fixed.
0.219796	-2.994278	-3.214074	46	I outline the effective field theory (EFT) calculation of nucleon-nucleon scattering which was recently carried out to next-to-next-to-leading order (NNLO) by Noam Shoresh and myself.
0.218698	-3.080000	-3.298699	22	The study of superheavy elements (SHEs) is an interesting topic for the current days research in nuclear physics.
0.216864	-2.818761	-3.035625	61	The comparison with the relativistic Fermi gas (RFG) model without interaction shows an improvement in the explanation of the scaling function f (ψ ′ ) in the region ψ ′ < -1, where the RFG result is f (ψ ′ ) = 0.
0.215748	-3.646585	-3.862332	21	A scale factor called spectroscopic factor (SF) should be determined when theoretical results are compared with data.
0.214984	-4.289349	-4.504333	42	The quasi-fission (QF) wherein the composite system fails to evolve into a compound nucleus (CN) after capture and breaks apart before reaching compact equilibrium shapes, significantly complicates the description of fusion process.
0.213943	-2.209326	-2.423269	30	Light water reactor (LWR): A nuclear reactor that uses ordinary water as both a moderator and a coolant and utilizes slightly enriched uranium-235 fuel.
0.211498	-2.804501	-3.015999	25	Another type of polyolefin, polypropylene (PP), is also tolerant to high doses of radiation, similar to PE.
0.208788	-2.551595	-2.760383	40	Transuranic (TRU) Waste: TRU waste is defined as defense waste contaminated with certain alpha-emitting radionuclides in concentrations greater than 100 nanocuries per gram of waste.
0.204900	-3.500352	-3.705252	28	Reliable calculations of the nuclear matrix elements (NME) are necessary to perform an appropriate analysis that could help evaluate the contributions of each mechanism.
0.204729	-2.991262	-3.195991	31	Quark-meson coupling (QMC) is an hybrid model which successfully describes many physical properties of nuclear matter and nuclei [38]- [39].
0.203762	-3.049363	-3.253125	20	The nuclear Density Functional Theory (DFT) has become a conventional approach to describing complex nuclei.
0.199346	-2.351288	-2.550634	41	Relativistic hydrodynamics (RHD) is a useful tool for analyzing slow and long wavelength behavior of relativistic many-particle systems in terms of static and dynamic thermodynamic properties.
0.199177	-3.972472	-4.171649	53	The No Vector Walecka (NVW) model is defined by the elimination of the vector meson field in favor of a point coupling interaction of the form Gj µ j µ with j µ ≡ ψ ′ γ µ ψ ′.
0.198898	-3.922129	-4.121027	23	The distributions of the total kinetic energy (TKE) of the fragments are also calculated (in the pointcharge approximation).
0.198152	-3.255306	-3.453458	32	The quantum molecular dynamics (QMD) model is a time-dependent many-body theoretical approach which is based on the molecular dynamics picture that treats nuclear correlations explicitly.
0.198085	-4.203318	-4.401403	29	The final state interaction (FSI) is taken into account by solving the corresponding scattering equation for a given partial wave | p, j m j.
0.193359	-3.019707	-3.213067	82	Inertial confinement fusion (ICF) occurs when a spherical shell target containing cryogenic thermonuclear fuel (i.e., DT) is imploded. -9 The implosion is initiated by the ablation of material from the outer surface using either intense laser beams (direct drive) 3,5,6,8,9 or x rays produced in a high-Z enclosure (indirect drive).
0.192709	-2.269985	-2.462694	35	Deep borehole disposal (DBD) has been suggested as an option for disposing spent nuclear fuel in a number of countries, including several countries that are subject to international safeguards.
0.191331	-2.104198	-2.295529	26	Big-Bang Nucleosynthesis (BBN) is an observational cornerstone of the hot Big-Bang (BB) cosmology.
0.191225	-1.623717	-1.814942	58	The quark-gluon plasma (QGP) is a state of hot nuclear matter created in the collisions of nuclei at the Large Hadron Collider (LHC) and the Relativistic Heavy Ion Collider (RHIC); for a recent review see Ref. [1].
0.186497	-4.235193	-4.421690	22	An exact dynamical symmetry (DS) provides considerable insights into complex dynamics and its merits are self-evident.
0.186444	-3.863901	-4.050345	52	Blue--shifted stimulated Brillouin scattering (SBS) from supersonic expansion off back wall is evident during the pulse, as well as late time stimulated Raman scattering (SRS) and red--shifted SBS from the LEH plasma.
0.185176	-3.542213	-3.727389	23	Within density functional theory (DFT), such dynamics are modeled through the TDHF (or TDDFT) evolution.
0.182319	-3.323722	-3.506040	25	Due to the use of the harmonic oscillator (HO) basis, the overlap integrals have incorrect asymptotic properties.
0.178927	-4.061012	-4.239939	16	And the critical end point (CEP) vanishes when α becomes large enough.
0.176389	-3.802372	-3.978761	32	The low-energy peak arises from compound nucleus (CN) and pre-equilibrium (PE) processes followed by proton evaporation (magenta line).
0.176013	-2.938186	-3.114199	34	Chiral effective field theory (ChEFT) is a natural framework for analyzing low-energy properties of (hyper)nuclei and performing chiral extrapolations.
0.174496	-2.880898	-3.055394	21	Charge symmetry (CS) is an important concept used to describe many facets of nuclear physics [1,2].
0.172835	-2.897129	-3.069964	27	Besides, supernova matter (SNM) and neutron star matter (NSM) are also interesting from the viewpoint of the nuclear shape.
0.170820	-3.705499	-3.876319	49	The socalled pseudospin centrifugal barrier (PCB) terms κ(κ -1)/(2M r 2 ) are identical for the pseudospin doublets a and b with κ a + κ b = 1.
0.169667	-2.166020	-2.335687	35	The possible appearance of quark matter (QM) in the interior of massive neutron stars (NSs) is one of the main issues in the physics of these compact objects.
0.168852	-2.657283	-2.826135	33	The international scientific (SI) unit of committed effective dose equivalence (CEDE) is the joule per kilogram or sievert (Sv).
0.166959	-4.081354	-4.248313	36	The Fission Meter Information Barrier (FMIB) code is based on a simple implementation of the point model theory of neutron counting distributions that uses the first two moments of the distribution.
0.166669	-3.679980	-3.846649	41	The Schrödinger equation (SE) for this problem is HΨ = EΨ, containing an internal (core-neutron) interaction V and the projectile interaction with the target U.
0.166562	-2.510892	-2.677455	23	Inelastic x-ray scattering (IXS) spectra are informative about a wide variety of electronic excitations.
0.166491	-2.921418	-3.087910	54	The study of Isobaric Analogue States (IAS) and the Isobaric Multiplet Mass Equation (IMME) have been the subject of continuous effort since the late '50's, but is less in the foreground as it used to be.
0.163462	-3.397829	-3.561291	31	Realistic nuclear level densities (NLDs) obtained within the spectral distribution method (SDM) are employed to study nuclear processes of astrophysical interest.
0.162124	-3.313627	-3.475751	40	Spinoffs are the Restricted Primitive Model (RPM) with opposite charge pairs and the same core, and the Special Primitive Model (SPM) with arbitrary charges and the same core.
0.161857	-3.755356	-3.917213	23	A driver for an inertial fusion energy (IFE) reactor must deliver sufficient energy and power density to ensure target ignition.
0.161363	-2.583224	-2.744586	24	The dipole polarizability (DP) of nuclei can be obtained from measurements of the photoabsorption cross sections.
0.157153	-3.387239	-3.544391	42	Good agreement was achieved for giant dipole resonance (GDR) peak energies, while resonance widths were underestimated and hence peak cross sections were overestimated due to the lack of higher-order many-body correlations.
0.156272	-4.242837	-4.399109	32	The Thermal Scattering Law (TSL) library also presents unique challenges due to the number of target materials expanding by an order of magnitude over the past few releases.
0.156021	-2.562741	-2.718763	34	The hyperspherical harmonics (HH) method is a powerful tool for solving many-body problems in different branches of quantum physics, namely atomic, molecular and nuclear physics.
0.153284	-1.556055	-1.709339	46	Quantum Chromodynamics (QCD) predicts that at sufficiently high temperature or density, nuclear matter exists in a deconfined state of quarks and gluons known as a quark-gluon plasma (QGP).
0.152874	-3.685417	-3.838291	32	Pionful nuclear effective field theory (NEFT) in the two-nucleon sector is examined from the Wilsonian renormalization group point of view.
0.152582	-3.830228	-3.982810	52	The ion beam induced charge (IBIC) signal produced by each light ion is expected to map regions of lower charge collection efficiency (CCE), and thereby reveal details of the shape of the cascade and the physics of recombination of carriers that interact with the cluster.
0.151183	-2.913164	-3.064347	34	The standard model (SM) for electroweak and strong interactions of elementary particles allows for precise theoretical predictions that are in remarkable agreement with present experimental results from high-energy experiments.
0.151159	-4.179308	-4.330467	52	The free gas (FG), that is the starting point for studying interacting matter, is described in terms of s.p. plane waves orbitals e ik•x / √ Ω with wave number k and kinetic energy 2 k 2 2m.
0.151107	-3.892200	-4.043307	25	An electron ion collider (EIC) is aimed at polarization studies of the nucleon structure function at lower values of x.
0.149874	-2.946010	-3.095884	74	Contributions due to mixed phase Bremsstrahlung (MPB), nucleon-nucleon and quark-quark neutrino pair Bremsstrahlung (NPB), the nucleon and quark modified Urca processes (MU), and the hyperon and quark direct Urca (DU) processes are included.
0.149790	-2.990494	-3.140285	24	The nuclear shell model (NSM) is, in principle, the method that seems to be well suited for this task.
0.149507	-2.748629	-2.898136	23	The inertial confinement fusion (ICF) approach to fusion ignition relies on inertia to compress the fuel to ignition conditions.
0.147952	-2.550418	-2.698370	20	Neutron activation analysis (NAA) is another radiometric method for the determination of 129 I.
0.147574	-3.549783	-3.697357	43	The blanket nuclear energy multiplication (Mn) is defined as the ratio of the total blanket nuclear heating resulting from neutron and gamma interactions to the energy carried by the direct neutrons and gamma photons incident on the first wall.
0.145443	-3.215619	-3.361062	46	The tensor meson dominance (TMD) is an assumption of meson pole dominance for matrix elements of the energy momentum tensor just as the vector meson dominance (VMD) is a pole dominance of the electromagnetic current.
0.145339	-1.722490	-1.867829	36	Quark-gluon plasma (QGP) is a state of matter in which the quarks and gluons are deconfined from colour-neutral hadronic states.
0.143258	-1.936870	-2.080128	31	Nuclear magnetic resonance (NMR) is the only spectroscopic technique capable of probing individual nuclei of complex molecules or mixtures of molecules in solution.
0.140293	-1.894051	-2.034343	26	Density Functional Theory (DFT) is a quantum mechanical theory used in physics to investigate the ground state of many-body systems.
0.139096	-3.450346	-3.589443	18	The kinetic equation (KE) is a convenient tool to study the nonequilibrium evolution processes.
0.138833	-2.872051	-3.010885	60	The Compressed Baryonic Matter (CBM) experiment at FAIR will investigate collisions between heavy nuclei, and measure various diagnostic probes, which are sensitive to the high-density equation-of-state (EOS), and to the microscopic degrees-of-freedom of high-density matter.
0.138108	-3.044622	-3.182730	45	Inertial Confinement Fusion (ICF) and the pursuit of ignition has been a major driver for diagnostic development for decades and this has driven many advances in diagnostics that are now being used in the wider HED community.
0.137729	-2.782006	-2.919734	51	Ligand K-edge x-ray absorption spectroscopy (XAS) affords the opportunity to quantify the degree of covalency and assess the relative roles of 5f and 6d orbitals in actinide metal-ligand bonds.
0.137590	-3.430584	-3.568173	22	The relativistic local density approximation (LDA) for the Coulomb exchange functional in nuclear systems is presented.
0.136168	-4.001900	-4.138068	48	Measurement of the beam spin asymmetry (BSA) and the related σ LT ′ structure function can provide important constraints on the extraction of the γ v pN * electrocouplings when combined with the differential cross sections.
0.134710	-2.962344	-3.097054	61	Under Gibbs criterion, in the mixed phase (MP), pressure in the hadron phase (HP) must balance with that in the quark phase (QP) to ensure mechanical stability as follows, P HP (µ n, µ e ) = P QP (µ n, µ e ).
0.134333	-2.637716	-2.772049	33	The minimum detectable amount (MDA) is the smallest activity or mass of an analyte in a sample or person that can be detected with an acceptable level of uncertainty.
0.133545	-3.505722	-3.639268	27	The NN potential of the effective field theory (EFT) is non-renormalizable in the traditional sense already at leading order.
0.133290	-4.907789	-5.041079	21	The so-called deep Dirac level (DDL) is another very interesting puzzle existing on FNMS.
0.131650	-3.366000	-3.497650	33	The shell model Monte Carlo (SMMC) method permits calculations in model spaces that are many orders of magnitude larger than spaces that can be treated by conventional diagonalization methods.
0.131427	-2.563583	-2.695010	46	The Lead-Cooled Fast Reactor (LFR) uses lead or lead-bismuth eutectic as a coolant to provide a low neutron absorbing, high-temperature coolant with a fast spectrum reactor.
0.130417	-4.075633	-4.206050	33	The basic idea is to solve a Bethe Salpeter (BS) equation, which guarantees unitarity, matching the low energy results to χP T predictions.
0.128490	-3.988528	-4.117018	22	Renormalization group (RG) flow analysis in Subsection 7.2 fixes the rest of the couplings.
0.124027	-3.274171	-3.398199	34	The activity median aerodynamic diameters (AMAD) of the aerosols ranged from 1 to 2 ym with geometric standard deviations of 1.5 to 1.8.
0.123737	-2.699924	-2.823661	44	Extended X-ray absorption fine structure (EXAFS) spectroscopy will provide information about the coordination environment of the sorbed Np atom and help distinguish between inner-sphere and outer-sphere complexes.
0.123063	-2.998715	-3.121779	43	The standard model (SM) of particle physics is spectacularly successful, yet the measured value of the muon anomalous magnetic moment (g -2)µ deviates from SM calculations by 3.6σ.
0.122288	-4.304684	-4.426972	21	Total Routhian surface (TRS) calculations are often used to track the deformation variation with rotation.
0.121970	-2.139240	-2.261210	26	A becquerel (Bq) is an Systeme Internationale (SI) unit equivalent to 1 disintegration per second.
0.121879	-4.277706	-4.399585	44	The Color Glass Condensate (CGC) is a phenomenological model for shadowing that assumes the existence of a saturation scale Q 2 s below which the BKFL also take into account recombination effects [75].
0.120790	-4.157677	-4.278466	47	Blann's Geometry Dependent Hybrid (GDH) model 2 for the precompound emission and the simplified Weisskopf-Ewing evaporation model for the compound decay are employed for the decay of the compound nucleus.
0.120337	-4.298127	-4.418464	42	The conventional regime of Magnetic Fusion Energy (MFE), with plasma density n -1014 cm-3and magnetic field provided by superconductingmagnets, has been relatively well explored [Sheffield 96].
0.120081	-2.923286	-3.043367	39	X-ray absorption spectroscopy (XAS) experiments have the ability to determine oxidation state and local geometry, and have the benefits of being element specific, and not requiring long-range order.
0.119705	-3.549864	-3.669569	33	The shell model Monte Carlo (SMMC) method is a powerful method for calculating exactly (up to statistical errors) thermal observables and statistical properties of atomic nuclei.
0.117162	-4.360172	-4.477334	68	The r.eutron OverPower (NOP) system also referred to as the Regional Overpower Protection (ROP) system in CANDU reactors protects the fuel from experiencing sustained heat transfer degradation, O resulting from overpowers that could arise from perturbations in the power distribution, or • * Peak values during the irradiation.
0.117125	-2.885708	-3.002833	38	Further, X-ray absorption spectroscopy (XAS) can be employed to examine the short-range structural and electronic information about the copper ions, especially after changes due to thermal treatments.
0.114356	-4.361700	-4.476056	26	Exclusive processes in deep inelastic scattering (DIS) have appeared as key reactions to trigger the generic mechanism of diffractive scattering.
0.114331	-2.587083	-2.701415	34	Kinetic Monte Carlo (KMC) simulations can be used to study the evolution of radiation damage at the atomic scale over times and distances well beyond those possible with MD simulations.
0.112512	-4.146075	-4.258587	33	Photonic Doppler velocimetry (PDV) now complements electric pins, giving weapon designers the option to utilize the optimal diagnostic for the desired data.
0.111541	-3.796453	-3.907994	30	Effective Field Theory (EFT) provides a powerful framework that exploits a separation of scales in physical systems to perform systematically improvable, model-independent calculations.
0.109280	-3.691140	-3.800420	26	The controlled thermonuclear reactor (CTR) effort over the last twenty years is one such search for an alternate; energy source.
0.109014	-2.842262	-2.951276	39	Dynamical chiral symmetry breaking (DCSB) is a signature characteristic of the strong interaction spectrum and it is a feature of QCD that can only be understood via nonperturbative analysis.
0.106682	-2.310279	-2.416961	23	Highly Enriched Uranium (HEU): Uranium enriched to at least 20 percent 235U(by weight).
0.106597	-1.967253	-2.073850	32	The Quark-Gluon Plasma (QGP) is a unique phase of nuclear matter, theorized to have filled the Universe shortly after the Big Bang.
0.103472	-3.588032	-3.691504	48	Isobaric Analog States (IAS), which are states in neighboring isobars whose isospin (and of course spin and parity) are same, played an important role in investigating the goodness of isospin in heavier nuclei.
0.100973	-4.143362	-4.244335	19	Not all solutions of the triaxial rotor (TR) Hamiltonian are accepted for nuclei.
0.100888	-2.646184	-2.747072	26	Lorentz invariance (LI) is a common symmetry shared by both standard model (SM) and general relativity (GR).
0.100167	-3.196806	-3.296972	27	Atom probe tomography (APT) has enabled unique investigations and provided unique insights into the development of microstructures under irradiation.
0.100038	-3.474674	-3.574712	36	Introduction Chiral Separation Effect (CSE) is one of the macroscopic transport phenomena generated by microscopic quantum anomalies -violation of classical symmetries at the quantum level.
0.099488	-2.069599	-2.169087	29	Fluorinated ethylene propylene (FEP) is another widely used fluorinated polymer, often as an insulating material for electrical wires.
0.096241	-3.055906	-3.152147	17	Liquid metal fast breeder reactor (LMFBR) fuel fabrication involves uranium and plutonium.
0.096204	-4.195197	-4.291401	17	The Hugoniot elastic limit (HEL) is the amplitude of the elastic precursor.
0.095894	-2.151417	-2.247311	37	The minimum detectable concentration (MDC) is defined as the concentration at which there is a 95% confidence that an analyte signal will be distinguishable from an analyte-free sample.
0.094237	-3.309091	-3.403328	17	The effective field theory (EFT) concept has shown the way out of this dilemma.
0.094069	-3.209925	-3.303994	17	Siemens worked on the high temperature gas reactor (HTGR) project from 1972.
0.093370	-3.537234	-3.630604	36	The development of probabilistic risk assessment (PRA) as a basis for conducting risk analysis of complex technologies requires high levels of technical ability and further removes public involvement from regulatory decisions.
0.092396	-2.448672	-2.541068	42	Spark plasma sintering (SPS), a field-assisted sintering technology, allows sintering and densification of materials at much reduced temperatures and shorter durations than conventional sintering techniques.
0.091824	-3.869438	-3.961262	33	The giant dipole resonance (GDR) is obvious as a single bump at 12.5-McV excitation, at a neutron energy of 60 MeV.
0.091661	-3.663720	-3.755382	48	The accelerator driven clean nuclear power system (ADS) is a reasonable choice to solve the final processing of long-lived nuclear waste and the effective use of the resources, and will become the transition between current commercial nuclear energy system and fusion energy system.
0.086308	-3.366514	-3.452822	51	Theoretical modeling of neutron star (NS) matter (NSM) is the best way to understand the composition and interaction of matter at high density (5 -10 times nuclear density ρ 0 ) in the absence of any conclusive knowledge from experimental perspectives.
0.085756	-2.060195	-2.145951	36	The quark-gluon plasma (QGP) is a novel phase of nuclear matter at high temperature and energy density, whose existence is predicted by quantum chromodynamics [1].
0.084306	-4.026869	-4.111175	35	Within a liquid drop model (LDM) there is no contribution of the surface energy to the interaction of the separated fragments; the barrier has a maximum at the touching point configuration.
0.083755	-3.110674	-3.194429	58	Due to its role in causing Axial Offset Anomaly (AOA) in PWR cores, Crud-Induced Power Shift (CIPS) has been a subject of intense interest for commercial nuclear power industry and studied both experimentally and analytically over the past two decades.
0.082234	-3.533590	-3.615824	27	Maxwellian averaged neutron capture cross sections (MACS) have been measured for many nuclei and made available in public data depositories.
0.078883	-4.209775	-4.288658	52	The feed to an Atomic Vapor Laser Isotope Separation (AVLIS) process will be uraniummetal) The principal production of uranium metal for nuclear fuel cycles has previously been by batch metallothermic reductions of UF 4 using magnesium or calcium metal.
0.078117	-3.760957	-3.839074	35	The quasilocal nuclear energy density functional (EDF) based on the density-matrix expansion provides an efficient way to investigate the universal EDF of a nuclear system.
0.077812	-3.145682	-3.223494	33	The renormalization group (RG) flow of the couplings is discussed in some detail, and from the analysis, constraints on some of the couplings are derived.
0.076686	-2.808905	-2.885591	46	A new generation of small modular reactor (SMR) designs promises a number of benefits relative to the existing fleet of commercial power reactors, including portability, viable initial investment level, scalability due to modularity, and improved security.
0.076334	-2.145379	-2.221713	23	Despite the great success of the Standard Model (SM) of elementary particles and their interactions, several important questions remain open.
0.076222	-3.004094	-3.080316	41	Grazing Incident Small-Angle Neutron Scattering (GISANS) is a versatile technique for characterizing nanoscale structures and correlations at surfaces, buried interfaces, and in thin films.
0.075544	-2.447804	-2.523349	51	The interior of a neutron star (NS) offers a unique meeting point between astrophysics and nuclear physics, since the macroscopic properties of NSs, such as mass, radius and thermal evolution, depend on the microscopic nature of matter at high densities.
0.074424	-3.978258	-4.052682	23	The Chiral Vortical Effect (CVE) is another anomalous transport phenomenon which exists in a thermal equilibrium state.
0.074155	-3.685414	-3.759570	17	Effective Field Theory (EFT) is useful for systems with a clear separation of scales.
0.073771	-4.483598	-4.557369	43	The cold crucible induction melter (CCIM) technology offers the potential for higher vitrification process temperatures which could lead to increased waste loading and melting rates for feeds that are troublesome for the reference LFCM technology.
0.071264	-2.731197	-2.802461	24	Fission occurs when special nuclear material (SNM), such as U-235 and Pu-239, absorbed a neutron.
0.069863	-2.402034	-2.471897	47	The Tokamak Fusion-Fission Hybrid Reactor (THR) concept utilizes a tokamak deuterium-tritium (D-T) fusion reactor as a neutron source surrounded by a blanket containing fertile material.
0.069651	-2.790378	-2.860029	39	Isotope dilution (ID) is a method of determining analyte concentration in which certified isotopically enriched standards are gravimetrically added to the sample being analyzed [43,44].
0.068285	-2.875803	-2.944087	36	The Heavy Diquark Symmetry (HDS) of Doubly Heavy Baryons (DHBs) provides new insights into the spectroscopy of these hadrons.
0.067131	-2.234958	-2.302089	30	Transuranic waste (TRUW) refers to waste materials containing radionuclides with atomic numbers greater than 92 (the atomic number for uranium).
0.066407	-3.756736	-3.823143	38	The pulse shape discrimination (PSD) technique was adopted to reject pile-up events in the individual detector elements by measuring the charge deposition over two time intervals (30 ns and 2 µs).
0.065758	-3.368557	-3.434314	57	Fermi liquid theory (FLT) provides a clear conceptual framework based on the quasiparticle approximation to understand the thermal excitations of Fermi systems at low temperatures (T k 2 F /2M ), and in particular the adiabatic index Γ th.
0.065628	-1.550724	-1.616352	49	The strongly-coupled droplet of quark-gluon plasma (QGP) is one of the most intriguing discoveries at the Relativistic Heavy Ion Collider (RHIC) and the Large Hadron Collider (LHC).
0.064749	-2.827347	-2.892096	30	Acid Mine Drainage (AMD) is highly acidic water with elevated concentrations of metal ions generated from the weathering of exposed mining materials and mining lands.
0.064324	-4.276839	-4.341163	32	The complex scaling method (CSM) provides with a way to obtain resonance parameters of particle unstable states by rotating the coordinates and momenta of the original Hamiltonian.
0.061828	-2.789097	-2.850926	21	Understanding superheavy nuclei (SHN) is a topical issue that attracts a great deal of research activity.
0.060883	-3.392879	-3.453762	24	The neutron star (NS) is one of the mysterious stellar leftovers, having an enormously dense core and a robust crust.
0.058754	-3.301411	-3.360165	30	Unlike a regular quantum mechanics (QM) treatment one does not have access to wave functions, but instead to various one-body densities and currents.
0.057190	-3.546790	-3.603980	19	Every conservation law in the Standard Model (SM) is anticipated to have a symmetry associated with it.
0.056878	-1.436848	-1.493726	24	Helium-3 (He-3) is a stable isotope that is formed by radioactive decay of tritium.
0.056444	-4.496621	-4.553064	42	The extended Kuo-Krenciglowa (EKK) method is an extension of the KK iterative technique to derive a H eff within non-degenerate model spaces [41,43].
0.053503	-2.568422	-2.621925	71	Laser isotope separation (LIS), using laser light to selectively excite and ionize molecules (MLIS -Molecular Laser Isotope Separation) or individual atoms (AVLIS -Atomic Vapor Laser Isotope Separation), shows promise as a cost effective enrichment technique of the future, but has not yet been demonstrated commercially.
0.052554	-3.678986	-3.731540	30	The Triaxial Rotation Vibration Model (TRVM) is successfully applied to Ba and Xe nuclei to obtain low lying energy levels.
0.051026	-1.648896	-1.699922	29	Quantum Chromodynamics (QCD) is a gauge theory which describes the strong interaction between the colour charged particles, quarks and gluons.
0.047898	-3.337758	-3.385656	33	Charge symmetry (CS) is a subset of the general isospin symmetry, charge independence (CI), which requires invariance under any rotation in isospin space.
0.047154	-3.687469	-3.734624	49	The seed-blanket Light Water Breeder Reactor (LWBR) fueled with thorium-uranium-233 has promise of a conversion ratio high enough to make available about 50 percent of the potential energy in the thorium fuel reserves.
0.045329	-3.907073	-3.952402	31	The Eckart frame (E-frame) is defined as the frame in which the velocity field is parallel to one of the conserved currents N µ a.
0.043459	-3.782403	-3.825862	19	Dynamical chiral symmetry breaking (DCSB) is a singularly effective mass generating mechanism.
0.043105	-3.757960	-3.801065	26	Effective field theory (EFT) is a powerful framework based on controlled approximations to many problems with a natural separation of scales.
0.042116	-2.878161	-2.920277	38	Stimulated Brillouin scattering (SBS) and stimulated Raman scattering (SRS) instabilities scatter the light off of self-generated ion acoustic and electron plasma waves, respectively.
0.041958	-3.062398	-3.104356	35	Uranium electrolytic decontamination (UED), an electrochemical process, is an elegant way to remove the plutonium, but the UED process was paused in 2013.
0.041077	-3.447120	-3.488197	32	The improved quantum molecular dynamics model (ImQMD) is a dynamical model which is developed to follow the reaction process on a microscopic level [11,12].
0.036869	-3.302722	-3.339592	25	The pressurized water reactor (PWR) is taken as adequately representative of the LWR's for the purposes of the comparison.
0.036641	-3.391813	-3.428454	46	Non Destructive Assay (NDA) methods are typically used to determine whether the physics package has a pre-negotiated set of attributes that would give the monitoring party high confidence that the device is actually a nuclear weapon.
0.036297	-3.857149	-3.893446	35	The manifestation of electric dipole moment (EDM), which also violates P-and Tinvariance, in atomic and molecular phenomena is strongly hampered by the electrostatic screening.
0.030905	-3.383584	-3.414489	30	Nuclear power plants (NPP) use several approaches and tools when assessing vulnerabilities and hazards, typically employing variations of traditional fault tree analysis (FTA).
0.030128	-3.820425	-3.850553	38	The time-dependent HFB (TDHFB) mean field is a generalized coherent state and its time development can be described as a trajectory in the large-dimensional TDHFB phase space.
0.029719	-3.602162	-3.631881	28	Nuclear excitation by electronics transition (NEET) is a way to enhance the decay of nuclear states via excitation of the atomic states.
0.028361	-4.355840	-4.384201	19	An important signature of an renormalization group (RG) limit cycle is discrete scale invariance.
0.028334	-4.326999	-4.355333	45	The unit of Working Level (WL) is defined as any combination of the concentrations of short-lived 222j^n daughter products that on decay would release 1.3 x 10 MeV of alpha energy in 1 liter.
0.027942	-2.301819	-2.329761	35	Radioactive waste classification (WC) systems generally fall into one of three categories based on the source of the waste, the physical characteristics of the waste, or the waste disposal methods.
0.026352	-2.930742	-2.957093	19	An effective field theory (EFT) is a low-energy approximation to a more fundamental theory.
0.025354	-3.239510	-3.264864	37	The supercooled vapor (SV) and the overheated liquid (OL) regions are situated between the MC and the ITS curves, on the left and on the right, respectively.
0.025122	-4.013262	-4.038384	41	Ground-based nuclear explosion monitoring (GNEM) has been in the forefront of implementing kriging in order to best take advantage of the empirical travel times, the best regional velocity models, and background models.
0.024388	-2.812558	-2.836945	36	The Cherenkov Ring Imaging Detector (CRID) uses Cherenkov radiation to measure the speed of charged particles which, when combined with a momentum determination, identifies the particle.
0.019597	-2.090343	-2.109940	45	Einstein's theory of general relativity (GR) posits an intimate connection between the geometry of spacetime and its matter content: the presence of matter curves spacetime and conversely the motion of matter is affected by curvature.
0.018625	-1.905172	-1.923797	31	Ion mobility spectrometry (IMS) is recognized as one of the most sensitive and versatile techniques for the detection of trace levels of organic vapors.
0.016134	-2.424287	-2.440421	31	Gravitational radiation (GR) is emitted when a non-radial oscillation mode of the star is excited by an internal or external perturbation.
0.014664	-4.722808	-4.737472	19	Kelson then invoked the independent particle model (IPM) picture to bring in the microscopic details.
0.011971	-2.958006	-2.969978	30	The Liquid Metal-Cooled Fast Breeder Reactor (LMFBR), using sodium as the coolant, has an extensive background dating from 1945.
0.011587	-2.628464	-2.640051	59	Double beta decay (DBD) is an extremely rare nuclear process where a simultaneous transmutation of a pair of neutrons into protons converts a nucleus (A, Z) into an isobar (A, Z+2), with the emission of two electrons and two antineutrinos.
0.009531	-3.475234	-3.484766	54	Nominally, an enhanced radiation (ER) weapon and a 10-kt fission weapon produce similar radiation kill effects but significantly dif ferent thermal and blast effects, anri an ER weapon and a 1-kt fission weapon produce similar thermal and blast effects.
0.009350	-1.776050	-1.785400	32	Accelerator mass spectrometry (AMS) is an exquisitely sensitive mass spectrometric method for measuring rare isotopes, especially radioisotopes.
0.009214	-3.022030	-3.031244	50	Multilevel adaptive mesh refinement (AMR) techniques have become popular for the numerical solution of nonlinear hyperbolic equations in which sharp gradients and/or discontinuities (shock, detonations, etc.) in the solution develop and propagate.
0.007320	-2.752659	-2.759979	32	Access to special nuclear material (SNM), such as enriched uranium or plutonium, is critical to the experimental validation of measurement techniques for nuclear nonproliferation applications.
0.004402	-2.879569	-2.883971	23	Ignition in inertial confinement fusion (ICF) starts in a hot spot in the core of compressed fuel pellets.
0.000254	-1.799739	-1.799992	48	Quark-gluon plasma (QGP) is a state of matter where quarks and gluons are not bound into baryons and mesons but are deconfined over much larger length scales than the hadron size.
-0.000969	-2.266485	-2.265516	51	Double-beta decay (DBD) is an actively studied process due to its potential to provide insights into the nuclear structure of involved nuclei, the properties of neutrinos, and to test models beyond the Standard Model (SM) [1,2].
-0.001872	-4.164738	-4.162866	39	Local charge conservation (LCC) is additionally incorporated by generating ensembles of particles with zero net charge produced at the same spatial location, uniformly distributed over the anisotropic particle radiating source.
-0.002138	-3.288381	-3.286243	25	Rates are given in solar neutrino units (SNU) for each isotope and events per year for each experiment.
-0.003334	-3.924935	-3.921601	31	A derived response level (DRL) is the quantity of a surrogate or radionuclide at which a particular PAG will be exceeded under selected assumptions.
-0.004116	-2.547985	-2.543869	29	The Urca reactions are of two types, the direct Urca (DU) and the modified Urca (MU) processes.
-0.004118	-2.957063	-2.952944	30	Quantum phase transitions (QPT) between competing ground-state phases can be induced by variation of a non-thermal control parameter at zero temperature.
-0.004633	-1.588583	-1.583949	23	Accelerator mass spectrometry (AMS) is a mass spectrometric method for quantifying rare isotopes.
-0.006072	-2.949632	-2.943560	39	An important aspect of High Energy Density (HED) plasma physics is concerned with the generation, study and control of self-organization, far from equilibrium, through the action of intense fields.
-0.006980	-4.542395	-4.535415	25	Light front (LF) quantization [ 1] provides a novel possibility to formulate quantum field theory at finite T and µ.
-0.007626	-3.513260	-3.505634	16	Nuclear Magnetic Resonance (NMR) measurements provided the degree of target polarization.
-0.010466	-3.314316	-3.303850	28	Concurrently, natural uranium (NU) or depleted uranium (DU) oxide would be dissolved in preparation for blending with the HEU.
-0.013852	-2.408266	-2.394414	49	The Tokamak Fusion Test Reactor (TFTR) will be the nation's first magnetic confinement fusion device to experimentally demonstrate the release of fusion energy from the deuterium-tritium reaction under conditions projected for future experimental power reactors.
-0.014954	-2.850547	-2.835594	25	Nuclear magnetic resonance (NMR) spectroscopy measures chemical shifts in species of nuclei present according to fractional populations.
-0.015927	-4.016486	-4.000559	55	The production of vector mesons (VM) in coherent diffractive processes, e + A → e ′ + VM + A ′ where VM = J/ψ, ϕ, ρ, is a unique process which has a primary focus at the EIC.
-0.018656	-3.605503	-3.586847	36	The heavy water organic cooled reactor (HWOCR) 1000 MWe reference design incorporates a low pressure organic coolant and is moderated by heavy water at low pressure and temperature.
-0.019527	-3.156698	-3.137171	35	Color transparency (CT) is an interesting and surprising prediction of Quantum Chromodynamics (QCD), the fundamental theory of the strong interaction, related to deep questions regarding hadronic structure.
-0.019530	-2.551908	-2.532378	20	Neutron stars (NS) are compact objects with interior densities of several times normal nuclear density.
-0.022107	-2.681865	-2.659758	38	Natural organic matter (NOM) constitutes an important pool of ligands for complexing radionuclides and metal ions, and can play a role in their migration in subsurface environments.
-0.023031	-2.734009	-2.710978	56	The choice of the core support structure (CSS) design for a liquid-metal-reactor (LMR) plant is of major importance, especially for pool-type LMRs (i.e., plants in which the entire primary system is submerged in a single reactor vessel).
-0.025305	-4.564768	-4.539463	28	The elastic scattering reaction (ES) is sensitive to all active flavors as well, but with reduced sensitivity to ν µ and ν τ.
-0.032412	-3.632989	-3.600578	29	The most general approach. is to use quantum mechanics (QM) which can, in principle, accurately depict any chemical reaction in an arbitrary environment.
-0.039059	-3.788748	-3.749688	36	The Standard Model (SM) is a remarkable theory which allows that Electromagnetic, Weak and many aspects of Strong Interactions can be described to astounding precision in one single coherent picture.
-0.045096	-3.268812	-3.223717	44	Time-resolved small angle X-ray scattering (SAXS) studies are suited for monitoring the mechanism of formation in situ of such disordered materials as clays because of the inherent crystallization times for this system.
-0.046567	-3.234558	-3.187992	56	Nuclear excitation by an electron transition (NEET) may be used for triggering the decay of nuclear isomers only when there are compensations between energies (∆E) and multipolarities (∆L) of the nuclear transition and the transition in an electron shell.
-0.047034	-3.441104	-3.394070	31	Usually the potential energy surface (PES) has to be determined as a function of the relevant deformation parameters, including elongation and reflection asymmetry coordinates.
-0.048188	-2.746166	-2.697979	34	Annual Limit on Intake (ALI): The derived limit for the amount of radioactive material taken into the body of an adult worker by inhalation or ingestion in a year.
-0.052795	-4.638410	-4.585614	34	Heavy compound nuclei (CN) are metastable objects; local mononuclear entropy maxima separated from the more stable dinuclear states by transition states of significantly lower entropy.
-0.053342	-2.375086	-2.321744	24	Acid mine drainage (AMD) tends to be highly acidic (typically pH 1-4) with high sulfate concentrations.
-0.055178	-3.895413	-3.840235	16	The Giant Dipole Resonance (GDR) is a collective mode par excellence.
-0.056370	-4.962838	-4.906468	19	The total Routhian surface (TRS) calculations indicate oblate deformation for this configuration.
-0.058668	-2.817103	-2.758434	59	ABSTRACT Inertial Confinement Fusion (ICF) is an ideal technology to power self-contained single-stage piloted (manned) spacecraft within the solar system because of its inherently high power/mass ratios and high specific impulses (i.e., high exhaust velocities).
-0.062234	-4.963301	-4.901067	27	Hybrid TAC Calculations Tilted axis cranking (TAC) calculations have been performed to understand the band structures in 198 Bi.
-0.067254	-3.457141	-3.389887	25	Thermal gravimetric analysis (TGA) indicates that low temperature annealing greatly improves the thermal stability and iodine confinement.
-0.069196	-2.537431	-2.468235	36	The heat transfer fluid (HTF) or water inside the absorber pipe is heated and pumped to the steam generator, which in turn is connected to a steam turbine to produce electricity.
-0.069472	-3.809308	-3.739836	25	Condition monitoring (CM) is merely an enhancement of existing techniques which can be incorporated into present nuclear plant surveillance and preventive maintenance procedures.
-0.069612	-2.385298	-2.315686	53	Shielding and reflector materials: lithium hydride (LiH), beryllium (Be), beryllium oxide (BeO), boron carbide (B4C), other metal carbides, water, and alternate hydrides.
-0.071494	-3.344517	-3.273023	24	Quantum Monte Carlo (QMC) approaches exploit the advances of modern parallel computing in the treatment of many body quantum systems.
-0.072731	-4.517842	-4.445111	33	High Explosive (HE) tests cannot be used to probe this poorly understood region, since the relative size of appropriate amounts of HE make HE tests suspect for providing the data.
-0.073467	-3.444047	-3.370580	39	The High Temperature Gas Cooled Reactor (HTGR) system is a helium cooled graphite moderated concept with a potential for lower power costs and higlier conversion ratios than present light water reactors.
-0.074899	-2.653511	-2.578612	27	Spontaneous symmetry breaking (SSB) mechanism has played a central role to unravel the intrinsic structures of the quantum many-body systems.
-0.075438	-3.238371	-3.162933	42	The reactor cavity cooling system (RCCS) surrounding the reactor vessel provides sufficient cooling to keep radionuclides contained within the refractory coated fuel particles without the need for active safety systems or operator intervention.
-0.075662	-2.914389	-2.838727	42	Crude Monte Carlo (CMC) or simple random sampling is a straightforward technique of sampling a set of input values according to the cumulative distribution function (cdf) of the uncertainly density of the input variable.
-0.075979	-3.701159	-3.625180	16	Further effects such as short range correlations (SRC) are also taken into account.
-0.076148	-3.695806	-3.619658	50	Small angle neutron scattering (SANS) studies of the gels quenched at several different reaction times revealed that within tl1e first few hours the repulsive interactions between the colloidal silica particles decrease and larger colloidal systems are formed.
-0.081893	-3.934657	-3.852764	59	The core of the Light Water Breeder Readtor (LWBR) at Shippingport (L-1) uses fuel modules, each composed of a central movable seed region (F/M = 1.7) surrounded by a stationary blanket region (F/M = 3.0).
-0.083446	-1.285669	-1.202222	33	Gas chromatography-mass spectrometry (GC-MS) is one of the main analytical methods used by the Organization for the Prohibition of Chemical Weapons (OPCW).
-0.083938	-3.931679	-3.847741	18	The total binding energy (BE) of a nucleus is the integral of the density functional H.
-0.084024	-2.881840	-2.797816	32	The time-dependent DFT (TDDFT) is a dynamical extension of DFT [26] for describing dynamical processes of many-body systems.
-0.086390	-3.406072	-3.319682	22	The gastrointestinal burden (GIB) was calculated as the initial body burden (IBB) minus the ILB.
-0.089525	-4.796096	-4.706571	16	Below T c the system exists in the Hadron Gas (HG) state.
-0.093022	-4.559516	-4.466495	30	The symmetric mode is called superlong (SL) mode, where the name refers to a more elongated scission shape and thus lower TKE.
-0.093169	-3.724795	-3.631626	32	Radon daughter exposures of 100 working level months (WLM) have been shown to produce an excess number of lung cancers in uranium miners (Radford, 1981).
-0.097771	-2.168801	-2.071030	25	Diffusion Monte Carlo (DMC) is an accurate method for computing the ground-state energy of a many-body system.
-0.097906	-3.983208	-3.885302	23	The Maxwell construction (MC) is typically used to obtain a physical equation of state when a first order transition is present.
-0.098405	-3.178792	-3.080387	31	The observation of a permanent electric dipole moment (EDM) of a particle would imply a violation of time reversal (T) and parity symmetry (P).
-0.100322	-3.215974	-3.115652	19	Outgoing boundary condition (OBC) is one of the most important ingredients to treat the continuum.
-0.103111	-2.737555	-2.634444	29	Simulated annealing (SA) is analogous to the natural process of crystal annealing when a liquid gradually cools to a solid state.
-0.105412	-3.617818	-3.512406	32	Discontinuous Galerkin (DG) methods originate from the early work by Reed and Hill [RH73] for the solution of neutron transport equations.
-0.109016	-2.822444	-2.713428	32	Double beta decay (DBD) is a rare weak interaction process in which two identical nucleons inside the nucleus undergo decay with or without emission of neutrinos.
-0.117247	-2.833732	-2.716485	50	Activity median aerodynamic diameter (AMAD) and geometric standard deviation (a ) values averaged 1.9 ym (range 1.6 to 2.1 ym) and 1.9 (range 1.6 to 2.2), respectively.
-0.122114	-4.004395	-3.882281	44	The relative biological effectiveness (RBE) of neutrons (compared with that of x rays) was de- termined for the blue-to-pink mutation rates in Tradescantia stamen hairs.
-0.122250	-1.892587	-1.770337	36	Radioisotope thermoelectric generators (RTGs) are a type of RPS that have been used for spacecraft, marine, and terrestrial applications since the early 1960s.
-0.123691	-2.640258	-2.516568	37	The use of high enriched uranium (HEU) as HTGR fuel, as was done in the past, is no longer considered acceptable due to the very low proliferation resistance of HEU.
-0.128275	-3.959830	-3.831556	28	Stimulated Brillouin scattering (SBS) of laser light is a potentially important pro cess in long scalelength plasmas.
-0.128538	-2.249878	-2.121341	19	Density functional theory (DFT) is a general approach to the quantum many-body system.
-0.135879	-3.389339	-3.253461	47	Gas Electron Multiplier (GEM) and Micromesh Gaseous Structure (Micromegas) are well established MPGD technologies used as muon tracking systems in current and future high energy physics and nuclear physics experiments.
-0.136267	-4.637214	-4.500947	30	Only in leading order (LO) this dependence can be neglected, but LO calculations are in most cases insufficient for a high precision machine like the EIC.
-0.150076	-4.681646	-4.531570	34	Amplified spontane ous emission (ASE) in slab geometries has been analyzed by Monte Carlo methods to find the size and gain limits to efficient slab operation.
-0.154141	-4.728869	-4.574728	24	A departure from nucleate boiling ratio (DNBR) below 1.3 would also have negative effects of the PWR.
-0.156585	-3.646961	-3.490376	35	The calculation of Potential Energy Surfaces (PES) for a series of isotopes in which a critical nucleus appears should result in a relatively flat PES for this particular nucleus.
-0.163387	-2.987081	-2.823694	25	The field of Arbitrary Lagrangian Eulerian (ALE) hydrodynamics has enjoyed a long and fruitful development.
-0.172351	-4.050936	-3.878585	16	The spontaneous symmetry breaking (SSB) mechanism is inherently built into the HF approach.
-0.191584	-3.315635	-3.124051	36	Laser plasma instabilities (LPI), principally stimulated Brillouin (SBS) and Raman (SRS) scattering, redirect significant amounts of energy through backscatter.
-0.196719	-5.175625	-4.978906	13	A critical point of second order (CP) separates those two regions.
-0.216332	-3.803269	-3.586937	42	CEMP Pressurized Ion Chamber (PIC) Network -The PIC detector measures gamma radiation exposure rates and, because of its sensitivity, may detect low-level exposures that go undetected by other monitoring methods.
-0.217200	-4.632003	-4.414803	34	The analyses of switching transient (ST) and high-altitudenuclear electromagneticpulse (HEMP) phenomena are different in some respects,but substantiallysimilar in others.
-0.229006	-3.939418	-3.710411	49	The electroweak component of the Standard Model (SM) is capable of satisfying Sakharov's conditions, owing to the existence of a complex phase in the 3 × 3-CKM matrix which enables processes that mix all three quark generations.
-0.238351	-4.706992	-4.468641	23	The Annual Limit of Intake (ALI) for 129 I, expressed in mass units, is 31 mg/yr.
-0.329036	-3.862971	-3.533935	28	Low-and intermediate mass (LIM) stars are defined as those who end their life without proceeding through the carbon and heavier elements burning phases.
-0.339557	-2.719560	-2.380002	19	Liquid Scintillation Counting (LSC) is the reference method for tritium measurement.
